lambda,q_total,run,q_executed,q_pendiente,pct_executed,is_total_clp,p_cierre_clp,penalizacion_clp,r_m_total,ratio_pen_is
0.01,1000,0,989.2064901941249,10.793509805875146,98.9206490194125,7813.202915333189,5805.599130122544,626.627911399579,-8439.830826732768,0.08019089319654049
0.01,1000,1,993.1081410772657,6.891858922734286,99.31081410772657,9017.187736446434,5805.906516580228,400.13488630854584,-9417.32262275498,0.04436976674275986
0.01,1000,2,975.698993027584,24.301006972415962,97.5698993027584,9050.005842854625,5806.727150516884,1411.0931697162787,-10461.099012570903,0.15590456952696316
0.01,1000,3,985.1939352563201,14.80606474367994,98.519393525632,8622.8292673757,5805.863255814992,859.6198725854917,-9482.449139961192,0.09967960240556581
0.01,1000,4,988.6629734448783,11.337026555121724,98.86629734448783,8530.414192975382,5800.0,657.54754019706,-9187.961733172442,0.0770736861818845
0.05,1000,0,980.0468,19.953200000000038,98.00468,8265.086433606783,5805.714293414238,5792.128921967661,-14057.215355574444,0.7007099391580343
0.05,1000,1,993.728029838798,6.271970161202034,99.3728029838798,8958.984854798717,5806.027812994052,1820.76165991039,-10779.746514709106,0.2032103501754516
0.05,1000,2,975.266444608,24.73355539199997,97.5266444608,7913.3659182911915,5806.023762276972,7180.1805165772785,-15093.546434868469,0.9072338315799742
0.05,1000,3,958.0864401145969,41.91355988540306,95.8086440114597,9212.056441783252,5800.0,12154.932366766889,-21366.98880855014,1.3193159559558951
0.05,1000,4,984.6148319623966,15.385168037603421,98.46148319623967,8629.175532190613,5806.2019920866505,4466.469665426042,-13095.645197616655,0.5175409988784214
0.1,1000,0,977.5996166143999,22.400383385600094,97.75996166143999,7197.977575446759,5806.492304508736,13006.76537465323,-20204.74295009999,1.8067517558347232
0.1,1000,1,987.9263571967072,12.073642803292842,98.79263571967071,8474.211902643681,5807.311446401908,7011.540405133055,-15485.752307776736,0.8272997165942173
0.1,1000,2,973.3179422251283,26.682057774871737,97.33179422251283,8356.017007430275,5806.294880431616,15492.389545761835,-23848.406553192108,1.8538181185927294
0.1,1000,3,947.9617130688,52.03828693119999,94.79617130688001,8571.556620282796,5806.295128471017,30214.96519026035,-38786.52181054315,3.524615412719619
0.1,1000,4,932.7038479999999,67.29615200000012,93.27038479999999,8722.03535824021,5805.969753296519,39071.94230252458,-47793.97766076479,4.479168167719886
0.5,1000,0,989.332066176118,10.667933823881981,98.9332066176118,8395.925477784795,5805.486748766244,30966.274225631023,-39362.19970341582,3.6878110098221666
0.5,1000,1,989.2088788671999,10.791121132800072,98.92088788671998,8914.374939321577,5806.102719993932,31327.178880467247,-40241.55381978882,3.5138375103325847
0.5,1000,2,953.455802862882,46.544197137117976,95.3455802862882,8304.9411270846,5805.856211452419,135114.45802780116,-143419.39915488576,16.26720632382168
0.5,1000,3,988.6995637617786,11.300436238221437,98.86995637617785,8196.597503096995,5806.084087009206,32805.64150949983,-41002.23901259682,4.00186048377053
0.5,1000,4,985.3136428600533,14.686357139946722,98.53136428600533,8263.800285098478,5805.998755276785,42634.485637040496,-50898.28592213897,5.158562114793134
1.0,1000,0,987.2100543005562,12.78994569944382,98.72100543005561,8549.86720109208,5806.0511886725735,74259.07943131345,-82808.94663240554,8.684391616072508
1.0,1000,1,969.3461227392,30.65387726079996,96.93461227392001,7921.634205508429,5806.163673342357,177981.428598752,-185903.06280426044,22.464930726576466
1.0,1000,2,973.7857678260223,26.214232173977734,97.37857678260222,8863.787939238246,5806.260051784184,152206.64905996257,-161070.4369992008,17.169801477850324
1.0,1000,3,991.017181387232,8.982818612768028,99.1017181387232,8830.633163842047,5806.426530793604,52158.076314482874,-60988.70947832492,5.905824590634652
1.0,1000,4,988.15309343488,11.84690656511998,98.815309343488,8761.334815427768,5806.818956301308,68792.84161586913,-77554.17643129689,7.85097158062782
0.01,5000,0,4915.728684818274,84.2713151817261,98.31457369636549,44033.96081529362,5806.223916121633,4892.981256511621,-48926.94207180524,0.1111158308289503
0.01,5000,1,4853.650393161616,146.3496068383838,97.07300786323232,43102.47236724541,5806.388291596423,8497.626436261315,-51600.09880350673,0.1971448231330595
0.01,5000,2,4823.2825383290065,176.71746167099354,96.46565076658013,40750.073142087735,5806.215063549735,10260.595879463955,-51010.66902155169,0.2517871331556863
0.01,5000,3,4809.682004841864,190.317995158136,96.19364009683729,40281.20431229484,5806.44773168232,11050.714912842857,-51331.919225137695,0.2743324279667085
0.01,5000,4,4656.802786805809,343.19721319419114,93.13605573611618,39100.16037439677,5806.123206181732,19926.453038236927,-59026.6134126337,0.5096128311139497
0.05,5000,0,4892.591794085844,107.40820591415559,97.85183588171688,44217.336572594286,5806.111515649557,31181.201061671884,-75398.53763426616,0.7051644968706811
0.05,5000,1,4891.4369264,108.56307360000028,97.82873852799999,42441.15143687401,5806.1185107479405,31516.50356063264,-73957.65499750664,0.7425755409102777
0.05,5000,2,4821.651988623509,178.34801137649083,96.43303977247018,43476.93769202935,5800.0,51720.923299182345,-95197.8609912117,1.1895900782033677
0.05,5000,3,4901.896208868301,98.10379113169893,98.03792417736602,49244.95381336733,5800.0,28450.099428192694,-77695.05324156002,0.5777144562173187
0.05,5000,4,4849.5346370096,150.46536299039963,96.990692740192,37094.98553812021,5805.668011115582,43677.59723471288,-80772.58277283309,1.1774211306457767
0.1,5000,0,4835.8543301685,164.14566983149962,96.71708660337,43227.61277482546,5806.293522734325,95307.79395275234,-138535.4067275778,2.204738663468184
0.1,5000,1,4932.7858997905605,67.2141002094395,98.65571799581122,45969.70956636599,5805.4667513518225,39020.92239879305,-84990.63196515905,0.8488214075195027
0.1,5000,2,4910.400585315277,89.59941468472334,98.20801170630553,45428.709843426725,5806.143926583149,52022.70973971115,-97451.41958313787,1.1451252917750778
0.1,5000,3,4950.058004941077,49.94199505892266,99.00116009882154,46821.10176984443,5805.937182967396,28996.008610417306,-75817.11038026173,0.6192803721829518
0.1,5000,4,4822.571636803585,177.42836319641538,96.4514327360717,42580.606848192314,5800.0,102908.45065392091,-145489.05750211322,2.416734789290593
0.5,5000,0,4935.092471752303,64.90752824769697,98.70184943504606,49315.15626715546,5806.298930754536,188436.25593126137,-237751.41219841683,3.8209842411574937
0.5,5000,1,4910.2089000000005,89.79109999999946,98.20417800000001,44598.60861835292,5806.264704769362,260675.44736620656,-305274.05598455947,5.84479226257016
0.5,5000,2,4938.959208566708,61.040791433291815,98.77918417133417,42788.71909604213,5806.09748486333,177204.39280745134,-219993.11190349347,4.141284321350967
0.5,5000,3,4981.339431682559,18.660568317441175,99.62678863365117,49146.23460318305,5806.376174662831,54175.13964202925,-103321.3742452123,1.102302908382165
0.5,5000,4,4964.471616,35.52838400000019,99.28943231999999,46060.909784128766,5806.476035920712,103147.35514549498,-149208.26492962375,2.239319985404421
1.0,5000,0,4949.2017517105,50.79824828950041,98.98403503421,50153.96083721994,5806.243943533903,294947.0214730432,-345100.98231026315,5.880714819622855
1.0,5000,1,4791.7773959424,208.2226040575997,95.83554791884801,50203.35415829081,5800.0,1207691.1035340782,-1257894.4576923691,24.055505220250677
1.0,5000,2,4909.856245277958,90.1437547220421,98.19712490555916,45301.91089147311,5800.0,522833.7773878442,-568135.6882793173,11.540842897277308
1.0,5000,3,4634.912,365.08799999999974,92.69824000000001,40675.581661434284,5806.277713499848,2119802.317866231,-2160477.899527665,52.11358062263202
1.0,5000,4,4926.245419763926,73.7545802360737,98.52490839527852,50764.838121018525,5805.640427031806,428192.5726973106,-478957.41081832914,8.434659774089821
0.01,10000,0,9808.787388448001,191.21261155199863,98.08787388448002,94436.62964646323,5806.405158255634,11102.578940390558,-105539.20858685378,0.11756520130751036
0.01,10000,1,9590.905443072003,409.0945569279975,95.90905443072002,90362.3174548081,5806.192044696722,23752.815619640693,-114115.1330744488,0.262859048214114
0.01,10000,2,9690.3289248,309.6710751999999,96.90328924800001,93854.52116345186,5805.780261985913,17978.82216104115,-111833.343324493,0.19155849265096037
0.01,10000,3,9579.004159999999,420.9958400000014,95.79004159999998,87980.763789366,5800.0,24417.75872000008,-112398.52250936608,0.27753204378191104
0.01,10000,4,9451.399872145279,548.600127854721,94.51399872145278,88536.35443153842,5800.0,31818.807415573818,-120355.16184711223,0.35938285732467573
0.05,10000,0,9730.765115482734,269.2348845172655,97.30765115482734,83110.70001387554,5806.490861849782,78165.4948320342,-161276.19484590972,0.9404872577384944
0.05,10000,1,9713.919102,286.08089800000016,97.13919102,88922.27364291124,5805.853633901453,83047.19106215458,-171969.46470506582,0.9339196327346965
0.05,10000,2,9871.032159932261,128.9678400677385,98.71032159932261,90346.10910525382,5806.118380803958,37440.12733749409,-127786.2364427479,0.4144031580897245
0.05,10000,3,9444.050000000001,555.9499999999989,94.44050000000001,75321.27882289953,5805.968864831028,161391.4195201402,-236712.69834303972,2.1426783953205866
0.05,10000,4,9712.0309561783,287.9690438217003,97.12030956178299,104570.78086334743,5806.316938323113,83601.97684273247,-188172.75770607992,0.7994697628032372
0.1,10000,0,9696.529024322273,303.4709756777265,96.96529024322274,104189.04948906845,5805.9825246416585,176194.7181520834,-280383.76764115185,1.6910896867418193
0.1,10000,1,9709.81208,290.1879200000003,97.0981208,79488.20817900769,5806.085872691585,168485.59827377577,-247973.80645278346,2.1196034296171433
0.1,10000,2,9732.579578163199,267.4204218368013,97.32579578163198,92320.40658212776,5805.842012498808,155260.07201002547,-247580.47859215323,1.6817342559865398
0.1,10000,3,9520.86041216,479.1395878399999,95.2086041216,85801.76494440525,5806.434234940963,278209.2506149678,-364011.015559373,3.242427569731928
0.1,10000,4,9844.084353812284,155.91564618771554,98.44084353812285,98695.49937119262,5805.969752715922,90524.15257410341,-189219.65194529603,0.9171971969709541
0.5,10000,0,9788.6805,211.3194999999996,97.886805,96685.33636518466,5806.143926583149,613475.7157467927,-710161.0521119774,6.3450094274923465
0.5,10000,1,9797.363307987856,202.6366920121436,97.97363307987857,85065.80397968937,5806.143932389118,588268.899902855,-673334.7038825444,6.915375591673935
0.5,10000,2,9865.333337239967,134.66666276003343,98.65333337239967,88743.5487611011,5805.720263665808,390918.48641308787,-479662.03517418896,4.404985904716628
0.5,10000,3,9910.25811920821,89.7418807917893,99.10258119208211,96269.12936111717,5806.1091547401265,260525.5778144025,-356794.70717551967,2.706193286986762
0.5,10000,4,9709.585233637275,290.41476636272455,97.09585233637276,88123.91182466719,5805.9094426134725,843060.917149864,-931184.8289745313,9.566658277368981
1.0,10000,0,9871.498342270976,128.50165772902437,98.71498342270975,96241.27804563628,5805.839405885129,746059.988164733,-842301.2662103693,7.751894524056937
1.0,10000,1,8630.0,1370.0,86.3,70913.01843340922,5806.3403254946425,7954686.24592766,-8025599.264361069,112.1736776685049
1.0,10000,2,9842.896595200002,157.10340479999832,98.42896595200001,92521.66269371644,5805.853633901453,912119.3736563611,-1004641.0363500776,9.858334672833692
1.0,10000,3,9942.780668774576,57.21933122542396,99.42780668774576,96903.29281405995,5806.678105178829,332254.2378196446,-429157.53063370456,3.4286844077916583
1.0,10000,4,9796.714769752001,203.2852302479987,97.96714769752002,90184.64576165276,5806.489234525741,1180373.500973091,-1270558.1467347438,13.088263559066178
0.01,20000,0,18877.7269508032,1122.2730491967995,94.388634754016,171359.9777531082,5806.20086999006,65161.42754612855,-236521.40529923674,0.38025826183141415
0.01,20000,1,18786.7705721344,1213.2294278656009,93.93385286067199,178367.98230180793,5806.249096396081,70443.1226926578,-248811.1049944657,0.39492921798177344
0.01,20000,2,18769.45995537596,1230.5400446240383,93.84729977687981,169625.7417401446,5806.355705432365,71449.53208865781,-241075.2738288024,0.4212162030330873
0.01,20000,3,19618.218688186098,381.781311813902,98.09109344093049,172088.1431337132,5805.7665466775325,22165.331682758162,-194253.47481647137,0.12880145300936102
0.01,20000,4,19431.063346807183,568.9366531928172,97.1553167340359,198594.0410907426,5805.8462137889055,33031.58713825249,-231625.62822899508,0.16632634408610236
0.05,20000,0,19171.74976,828.2502400000012,95.85874879999999,167310.04414555093,5806.296190168765,240453.31065091863,-407763.35479646956,1.437163409498169
0.05,20000,1,18433.712000000003,1566.2879999999968,92.16856000000001,153720.50841263882,5806.085872691586,454700.13146831706,-608420.6398809559,2.957947369653394
0.05,20000,2,19563.24776092336,436.75223907663894,97.8162388046168,184764.15639715368,5806.08586398263,126791.05006828178,-311555.20646543545,0.6862281424737019
0.05,20000,3,18760.653476483843,1239.3465235161566,93.80326738241922,182554.57406597538,5800.0,359410.49181968544,-541965.0658856608,1.9687730361484055
0.05,20000,4,19374.10604796,625.8939520400017,96.87053023979999,196256.19556481362,5806.107643118645,181700.38293605944,-377956.57850087306,0.9258278781225792
0.1,20000,0,19061.848669820927,938.1513301790728,95.30924334910463,149947.596711551,5806.749523938855,544760.9789899936,-694708.5757015445,3.6329848423851834
0.1,20000,1,19776.6666529504,223.33334704959998,98.88333326475201,202649.401860556,5806.494164463196,129678.37763735361,-332327.7794979096,0.6399117714387039
0.1,20000,2,18744.4074059148,1255.5925940851994,93.722037029574,181324.54520134523,5806.3326232128065,729038.8240501289,-910363.3692514742,4.020607373553455
0.1,20000,3,19278.111845711595,721.8881542884046,96.39055922855798,182521.3469230443,5805.781758514195,419112.50778551004,-601633.8547085543,2.2962257216767967
0.1,20000,4,18045.2848064,1954.715193600001,90.226424032,166637.48148753334,5805.85363448205,1134879.0311139852,-1301516.5126015185,6.810425905128573
0.5,20000,0,19699.343592627196,300.6564073728041,98.49671796313598,215946.0730167712,5805.9364012721335,872795.9899207334,-1088742.0629375046,4.041712525795378
0.5,20000,1,18903.61846176,1096.381538239999,94.51809230880001,165454.73961532596,5806.344685611999,3182984.5589814633,-3348439.298596789,19.237679915980546
0.5,20000,2,19463.172949120002,536.8270508799978,97.31586474560001,185715.1076841113,5806.065247590394,1558426.442040398,-1744141.5497245092,8.391444670438391
0.5,20000,3,19541.0968978976,458.9031021023984,97.705484489488,173370.2151793884,5806.069283874806,1332211.6026957997,-1505581.817875188,7.6841568037540195
0.5,20000,4,19704.145676800003,295.85432319999745,98.52072838400001,188334.70658520976,5806.231020483924,858899.2744540509,-1047233.9810392607,4.560469652978175
1.0,20000,0,19479.513016455443,520.486983544557,97.39756508227721,194304.95865558498,5805.963424161513,3021928.3892118535,-3216233.3478674386,15.55242263346304
1.0,20000,1,19326.759981384253,673.2400186157465,96.63379990692127,177818.68070874282,5800.0,3904792.1079713297,-4082610.7886800724,21.959279717564716
1.0,20000,2,19083.50336185306,916.4966381469385,95.41751680926531,197875.87936999835,5800.0,5315680.501252243,-5513556.380622242,26.863575563635024
1.0,20000,3,19754.047630423996,245.95236957600355,98.77023815211999,198645.250783516,5805.722417960933,1427931.1857980164,-1626576.4365815325,7.188311786232355
1.0,20000,4,18953.618547056638,1046.381452943362,94.76809273528319,178984.76699207048,5800.0,6069012.427071501,-6247997.194063571,33.90779350259942
